Account,AZERO Sent,ANS to be Received
5CPo1i5z9sTBns3NgeRAKiqGMvdhHSPS2ddPDaEGx42K9ipF,22,2315.789474
5CcptMWtdDrBz5hzeHeDAFTUz8e5cmrsKE5YKgSCwrd7HF91,135,14210.52632
5CtWvLaU9VNDh6TKX3MQb3qmzHGpWykAKbLmaNoSBukoziu9,20,2105.263158
5CtfXJ4RCXnRvsziZrpavCdMq176gUuTLLHmmpkrr7WMrUfc,32,3368.421053
5DGAnLw7sLptrBvN3urEAcJVZX2wGvH31ui5SjBtY2cvimJv,600,63157.89474
5DLnfbbZ3FTBAcgfvgmUaUaTj51pqi21Rd9gwkA4jSKayou6,80,8421.052632
5DeesZhkHJ3xx8gzxBHJUqGGYTEG2BFTwFjW5J2gpGKpM3X2,10,1052.631579
5DfRD8jrnsHXTNWKnWcZMRAMxAY3rtNgHbUaGtSBD4CzYvuA,100,10526.31579
5Dfh63yKCTyWJjDGHzwdTdUpAwG2rzxgRFnQTStNUG7TtWcd,20,2105.263158
5DkwpQZJH2eSrZ5m9YwT9UziX8HbWZ6J2peHXztW2dLKHaig,31,3263.157895
5EYwPNwfXaf4juWw2Nre8iQNNDeYQEhBuvvC5sFcHViDbuKv,15,1578.947368
5EenuNQFcfpp8a1Y8Br94YKtojXGM5HHgQ23peh8cQo2MBn1,40,4210.526316
5EhTQfyQxqqAdLzLvecLVNeSQptKp2bFN8DAmCf75qebkfvq,13,1368.421053
5EyVNz4cZ5FMr7zswBEPn28ZE7xzjhwVVedo4eGjHN5GTHmr,10,1052.631579
5F9uVrquKAhNFDAcCdnWJCkxHT6E9SEgjwuKhbswF3Fibwjq,232,24421.05263
5FKY8wDnByDEpCYi45aGwkLb4UX9hvjbne7rwYUn4KbCCiFU,50,5263.157895
5G9awkVX2yuTjeCx73BvLk4o9ChKFV2gdLfzp3i5tMZie7Y3,10,1052.631579
5GHVLg2WCdr87N4dGGAGUS4rFXgauvu7muh1iJCQfohQrCo2,76,8000
5GMzB3Bs4fwfUrz42UFXtg9mVBgiCnTDPKfshaGpwHrVoP87,1556.999732,163894.7086
5GWBQDa1tQDVGoL4Na4pjzJ2sHQoZUpGwYwcZoMfVhLYYvGA,11,1157.894737
5HEgVY7tCtrUX2G7LmHJTYkCMqJNBGtCYgaer5a8LKsXfD2n,27,2842.105263
5HVeeKMapzckL57NXCp4o1NrVh2paMh1rKjtDmG7uU1DitSK,13,1368.421053
